Category,Component,Version,Responsibility
Backend,PHP,8.2,Runtime with PDO MySQL and fileinfo
Backend,Laravel,12,Routing authentication transactions and Artisan
Backend,Eloquent,Included with Laravel,User identity model; remaining persistence uses Laravel query builder
Backend,Blade,Included with Laravel,Server-rendered views
Frontend,Bootstrap,5.3.8,CSS only
Frontend,jQuery,3.7.1,DOM and AJAX
Frontend,jQuery UI,1.14.2,Dialogs tabs autocomplete datepicker accordion
Database,MySQL,8.4 CI target,Independent DMS database with InnoDB transactions
Testing,SQLite,In-memory only,Fast isolated regression suite
Storage,Private filesystem,Local disk,storage/app/private/documents/<version UUID>
